<?xml version="1.0" encoding="UTF-8"?>
<!DOCTYPE suite SYSTEM "http://testng.org/testng-1.0.dtd">
<suite name="Suite">
	<test name="Test">
		<parameter name="username" value="usbtesting"></parameter>
		<parameter name="password" value="usb@12345"></parameter>
		<classes>
			<class name="com.datadriven.sample.Sample" />
		</classes>
	</test> <!-- Test -->
	<test name="Test2">
		<parameter name="username" value="usbtesting"></parameter>
		<parameter name="password" value="password"></parameter>
		<classes>
			<class name="com.datadriven.sample.Sample2" />
		</classes>
	</test> <!-- Test -->
	<test name="Test3">
		<parameter name="username" value="username"></parameter>
		<parameter name="password" value="password"></parameter>
		<classes>
			<class name="com.datadriven.sample.Sample3" />
		</classes>
	</test>
</suite> <!-- Suite -->
